insert into organization (name) values ('org1');
insert into organization (name) values ('org2');
insert into request (excel_id, title, description, is_closed, requested_by_id) values (1, 'hoge', 'This is a sample request.', false, 1);
insert into request (excel_id, title, description, is_closed, requested_by_id) values (2, 'fuga', 'fuga fuga.', false, 1);
insert into request (excel_id, title, description, is_closed, requested_by_id) values (3, 'abc', 'abcdefg.', false, 2);
insert into request (excel_id, title, description, is_closed, requested_by_id) values (4, 'xxx', 'xyz.', true, 2);
insert into tag (name) values ('a');
insert into tag (name) values ('b');
insert into tag (name) values ('c');
insert into request_tags (request_id, tags_id) values (1, 1);
insert into request_tags (request_id, tags_id) values (1, 2);
insert into request_tags (request_id, tags_id) values (2, 3);
insert into request_tags (request_id, tags_id) values (3, 3);
insert into request_tags (request_id, tags_id) values (4, 3);
insert into vote (organization_id, request_id, priority, step, period) values (1, 1, 2, 3, 2017);
insert into vote (organization_id, request_id, priority, step, period) values (1, 2, 1, 4, 2017);
insert into vote (organization_id, request_id, priority, step, period) values (1, 3, 1, 1, 2018);
insert into vote (organization_id, request_id, priority, step, period) values (2, 3, 1, 4, 2017);
insert into vote (organization_id, request_id, priority, step, period) values (2, 4, 3, 1, 2017);
